time,sen1,sen2,sen3,sen4,sen5,sen6,sen7,sen8,sen9
3582,92,756,147,144,482,360,438,8,11
13184,90,755,146,142,481,360,437,8,12
21181,91,756,146,143,481,360,439,7,11
29181,93,756,147,143,481,361,440,8,12
37180,92,757,147,145,480,361,439,9,12
45189,91,756,146,143,480,360,439,8,12
53191,91,757,146,144,481,360,438,8,12
61189,91,757,146,143,480,360,439,8,12
69188,91,757,146,144,480,360,438,8,12
77188,91,757,146,143,480,360,438,8,12
85188,91,757,146,144,480,360,438,8,12
93192,91,757,146,143,481,360,438,8,12
101189,91,757,146,144,480,360,438,8,12
109188,91,757,146,143,481,359,436,8,11
117189,91,757,147,145,480,361,439,8,12
125189,91,757,146,143,480,360,438,8,11
133192,91,757,146,144,480,360,438,8,12
141189,91,757,146,144,480,360,438,8,12
149189,91,757,147,144,480,360,439,8,12
157189,91,757,146,144,480,360,438,8,11
165189,91,757,146,144,480,360,438,8,11
173186,91,757,146,143,480,360,438,8,11
181184,91,757,146,144,480,360,438,8,11
189183,91,757,146,144,480,360,439,8,11
197183,91,757,146,143,480,360,438,8,11
205184,91,757,146,144,480,360,438,8,11
213185,91,757,146,143,480,360,438,8,12
221184,91,757,146,144,480,360,438,8,11
229183,91,757,146,143,480,360,438,8,12
237183,91,757,146,144,480,360,438,8,11
245184,91,757,146,143,480,360,438,8,12
253185,91,757,146,144,480,360,438,8,11
261183,91,757,146,143,480,360,438,8,11
269183,91,757,146,144,480,360,438,8,11
277183,91,757,146,143,480,360,438,8,12
285184,92,757,146,144,480,360,438,8,11
293186,91,756,146,143,480,360,438,8,12
301184,91,757,146,144,480,360,438,8,12
309184,91,757,146,143,480,360,438,8,11
317184,91,757,146,144,480,361,438,8,11
325184,91,757,146,143,480,360,438,8,11
333186,91,757,146,145,480,360,438,8,11
341184,91,757,146,143,480,360,438,8,11
349183,91,757,147,144,480,361,438,8,11
357184,91,757,147,144,480,360,438,8,11
365183,91,757,146,144,480,360,438,7,11
373186,91,757,146,144,480,360,438,8,11
381211,91,757,146,144,480,360,438,8,11
389184,91,757,146,144,480,360,438,8,11
397183,91,757,146,143,480,360,438,8,12
405183,91,757,146,144,480,360,438,8,11
413186,92,757,146,144,480,360,438,8,11
421183,91,757,146,144,480,360,438,8,11
429183,91,757,146,143,480,360,438,8,12
437183,91,757,146,144,480,361,438,8,11
445184,91,757,146,143,480,360,438,8,11
453186,91,757,146,144,480,360,438,8,12
461184,92,757,146,143,480,360,438,8,12
469183,91,757,146,144,480,360,438,8,12
477184,91,757,146,143,480,361,439,8,12
485184,91,757,146,144,480,360,438,8,11
493185,91,757,146,143,480,361,439,8,12
501183,91,757,146,144,480,361,438,8,11
509184,92,757,146,143,480,361,439,8,11
517183,91,757,146,144,480,360,438,8,11
525184,91,757,146,143,480,360,438,8,11
533186,91,757,146,144,480,360,438,8,11
541183,91,757,146,143,480,360,438,8,11
549184,91,757,146,144,480,360,438,8,11
557184,91,757,146,144,480,360,438,8,11
565183,92,757,146,144,480,360,438,8,11
573186,91,757,146,144,480,360,438,8,11
581183,91,757,146,144,480,360,437,8,11
589183,91,757,146,144,480,360,438,8,11
597184,91,757,146,144,480,360,438,8,11
605184,91,757,146,144,480,360,438,8,11
613186,91,757,146,143,480,360,438,8,11
621184,92,757,147,144,480,360,438,8,12
629184,92,757,146,143,480,360,438,8,11
637184,92,757,147,144,480,360,438,8,11
645184,92,757,146,143,480,360,438,7,11
653185,92,757,147,144,480,360,438,7,11
661183,92,757,146,143,480,360,438,7,11
669183,91,757,146,144,480,360,438,8,11
677183,91,757,146,143,480,360,438,8,11
685183,91,757,146,144,480,360,438,8,11
693186,91,757,147,143,480,360,438,8,11
701183,91,757,146,144,480,360,437,8,11
709183,91,757,147,143,480,360,438,8,11
717183,92,757,147,144,480,360,438,8,11
725183,91,757,146,143,480,360,438,8,11
733185,91,757,146,144,480,360,438,8,11
741183,91,757,146,143,480,360,438,8,11
749183,92,757,146,144,480,360,438,8,11
757184,91,757,146,143,480,360,438,9,11
765184,91,757,146,144,480,360,438,8,11
773186,91,757,146,144,480,360,438,8,11
781183,92,757,147,144,480,360,437,8,11
789184,91,757,146,144,480,361,438,8,11
797184,92,757,147,144,480,360,438,8,11
805183,91,757,146,144,480,360,438,8,11
813208,92,757,146,143,480,360,438,8,11
821206,92,757,146,144,480,361,437,8,11
829207,91,756,146,143,480,360,438,8,11
837207,91,757,146,144,480,360,438,8,11
845206,91,756,146,143,480,360,438,8,10
853209,91,757,146,144,480,360,438,8,11
861205,91,757,146,143,480,360,438,8,11
869188,91,757,146,144,480,360,439,8,11
877188,91,757,146,143,480,360,438,8,11
885189,91,757,146,144,480,360,438,8,10
893191,91,757,146,143,480,360,438,8,10
901188,91,757,146,144,480,359,438,8,10
909188,91,757,146,143,480,360,438,8,10
917188,91,757,146,144,480,360,437,8,10
925188,91,757,146,143,480,360,438,8,10
933190,91,756,146,144,480,360,438,8,10
941188,92,757,146,143,480,360,438,8,10
949188,92,757,146,144,480,360,438,8,10
957189,91,757,146,143,480,360,438,8,10
965188,92,757,146,144,480,360,438,8,10
973191,91,756,146,143,480,360,438,8,10
981189,92,756,146,143,480,360,438,8,11
989189,91,757,146,144,480,361,438,8,11
997188,92,756,146,144,480,361,438,8,11
1005189,92,757,146,144,480,360,438,8,11
1013192,91,756,146,144,480,360,438,8,11
1021184,92,757,146,144,480,360,438,8,11
1029184,91,757,146,144,480,360,438,8,11
1037184,92,757,146,145,480,360,438,8,12
1045183,92,757,146,144,480,360,438,8,11
1053185,92,756,146,145,480,360,438,8,12
1061183,91,757,146,143,480,359,437,8,12
1069184,92,757,146,145,480,360,438,8,12
1077184,91,757,146,143,480,360,438,8,12
1085212,92,757,146,145,480,360,438,8,12
1093185,91,757,146,143,480,360,438,8,12
1101183,92,757,146,144,480,360,438,7,12
1109183,92,757,146,143,480,360,438,7,12
1117183,92,757,146,144,480,360,438,7,13
1125183,92,757,146,143,480,360,438,7,12
1133186,91,756,146,144,480,360,438,8,12
1141184,92,757,146,143,480,360,438,7,12
1149184,91,757,146,144,480,360,438,8,13
1157184,92,757,147,144,480,361,438,8,13
1165184,92,757,146,144,480,361,439,8,13
1173186,92,757,146,144,480,360,438,7,13
1181183,92,757,146,144,480,360,438,7,13
1189183,92,757,147,144,480,360,438,7,13
1197184,92,757,146,144,480,361,438,7,13
1205184,91,757,146,144,480,360,438,7,12
1213188,92,757,146,143,480,360,438,7,13
1221184,92,757,146,144,480,360,438,7,12
1229183,92,757,146,143,480,360,439,7,12
1237183,92,757,146,144,480,360,438,7,12
1245184,92,757,146,143,480,360,438,7,12
1253186,91,757,146,144,480,360,438,7,12
1261184,92,757,146,143,480,360,438,7,11
1269183,92,757,146,145,480,360,438,7,12
1277183,92,757,146,143,480,360,438,7,12
1285183,92,757,146,144,480,360,438,8,12
1293186,92,757,146,143,480,360,438,7,12
1301184,92,757,146,144,480,360,438,8,11
1309184,92,757,146,143,480,360,438,8,12
1317184,92,757,146,144,480,360,438,8,12
1325184,92,757,147,143,480,360,438,8,12
1333186,92,757,146,144,480,360,438,8,12
1341184,92,757,146,143,480,360,438,8,12
1349184,92,757,146,144,480,360,438,8,12
1357184,92,757,146,144,480,360,438,8,12
1365184,92,757,146,144,480,360,438,8,11
1373186,92,757,146,144,480,360,438,9,12
1381184,92,757,146,144,480,360,438,9,12
1389184,92,757,146,144,480,360,438,9,12
1397184,92,757,147,144,480,360,438,9,12
1405184,92,757,146,144,480,360,438,8,12
1413186,92,757,146,143,480,360,438,9,12
1421184,91,757,146,144,480,360,438,9,12
1429183,92,757,146,143,480,360,438,9,12
1437184,92,757,146,144,480,360,438,9,12
1445183,92,757,146,143,480,360,438,9,12
1453186,92,757,146,144,480,360,438,9,12
1461184,91,757,146,143,480,360,438,9,12
1469184,92,757,147,145,480,360,438,9,12
1477184,92,757,146,143,480,360,438,9,11
1485184,92,757,147,145,480,360,438,9,12
1493186,92,756,146,143,480,360,438,9,12
1501184,92,757,146,145,480,360,437,9,12
1509184,92,756,146,143,480,361,438,9,12
1517184,92,757,147,144,480,360,438,9,12
1525184,91,757,146,143,480,360,438,9,12
1533186,91,757,146,144,480,360,438,9,11
1541184,91,757,146,143,480,360,438,9,11
1549183,91,757,146,144,480,360,438,9,12
1557184,91,757,146,143,480,360,438,8,11
1565183,91,757,146,143,480,360,438,8,12
1573186,91,757,146,144,480,360,438,8,12
1581184,91,757,146,144,480,360,438,8,12
1589199,91,757,146,144,480,360,438,8,12
1597184,91,757,146,144,480,360,437,8,12
1605184,91,756,145,144,480,359,437,8,11
1613186,92,757,148,144,480,361,439,8,12
1621184,91,757,146,144,480,359,438,8,11
1629183,92,757,146,143,480,360,438,8,11
1637184,92,757,146,144,480,360,438,8,12
1645184,92,757,146,143,480,360,438,8,11
1653186,91,757,146,144,480,360,438,8,12
1661184,92,757,146,143,480,360,439,8,12
1669205,91,756,146,144,480,360,438,8,12
1677204,92,757,147,143,480,360,438,8,12
1685204,91,756,146,145,480,360,439,8,11
1693209,91,756,146,143,480,360,439,8,11
1701206,91,757,146,144,480,360,438,8,11
1709205,91,757,146,143,480,360,438,8,11
1717188,92,757,146,144,480,360,438,8,11
1725188,92,757,146,143,480,360,438,8,11
1733191,92,757,147,144,480,360,438,8,11
1741187,91,757,146,144,480,360,438,8,11
1749188,91,757,146,144,480,360,438,8,11
1757188,92,757,146,144,480,360,438,8,11
1765188,91,757,146,144,480,360,438,8,11
1773191,92,757,146,144,480,360,438,8,11
1781189,91,757,146,144,480,360,438,8,11
1789188,92,757,146,144,480,360,438,8,11
1797188,91,757,146,144,480,360,438,8,11
1805188,91,757,146,144,480,360,438,8,11
1813190,91,757,146,144,480,360,438,8,11
1821188,91,757,146,144,480,360,438,8,11
1829189,92,757,146,143,480,360,437,8,11
1837189,91,757,146,144,480,360,437,8,11
1845189,91,757,146,143,480,360,438,8,11
1853192,91,757,146,144,480,360,437,8,11
1861189,92,757,146,143,480,360,437,8,12
1869189,92,757,147,144,480,360,437,8,12
1877184,92,757,147,143,480,360,437,8,11
1885184,92,757,146,144,480,360,437,8,11
1893186,91,757,146,143,480,360,437,8,11
1901184,91,757,146,144,480,360,437,8,11
1909184,91,757,146,143,480,360,437,8,11
1917184,92,757,146,144,480,360,437,8,11
1925184,91,757,146,143,480,360,437,8,11
1933186,92,757,146,144,480,360,437,8,11
1941184,91,757,146,143,480,360,437,8,11
1949183,92,757,146,144,480,360,436,8,11
1957184,92,757,146,144,480,360,437,8,11
1965184,91,757,146,144,480,360,436,8,11
1973186,91,757,146,144,480,360,437,8,11
1981183,91,757,146,144,480,360,436,8,11
1989184,92,757,146,144,480,360,437,8,11
1997184,91,757,146,144,480,360,436,8,11
2005184,92,757,146,144,480,360,437,8,11
2013186,92,757,147,144,480,360,436,7,12
2021184,92,757,146,144,480,360,437,8,11
2029184,92,757,147,143,480,361,437,7,12
2037183,92,757,147,144,480,360,437,8,11
2045184,92,757,147,143,480,361,437,7,12
2053186,91,757,146,144,480,360,437,7,11
2061184,92,756,146,143,480,360,436,8,12
2069184,91,757,146,144,480,360,436,8,11
2077184,92,757,147,143,480,360,437,8,12
2085184,91,757,147,144,480,360,437,8,12
2093186,92,757,147,143,480,360,437,8,12
2101184,91,756,146,144,480,360,437,8,12
2109184,92,757,146,143,480,360,437,8,12
2117184,92,757,146,144,480,360,437,8,12
2125184,92,757,146,143,480,361,437,8,12
2133186,92,757,146,144,480,360,437,8,12
2141184,91,756,146,143,480,360,437,8,12
2149184,92,757,146,144,480,360,437,8,12
2157184,92,757,146,144,480,360,437,8,12
2165184,91,757,146,145,480,360,437,8,12
2173186,92,757,147,144,480,360,437,8,12
2181184,91,756,146,144,480,360,437,8,12
2189184,92,757,147,144,480,359,437,8,12
2197183,92,757,146,144,480,359,437,8,12
2205184,92,757,146,144,480,359,437,8,11
2213186,92,757,146,144,480,359,437,8,11
2221184,91,757,146,144,480,359,437,8,12
2229184,91,757,146,143,480,359,437,8,11
2237184,91,757,146,144,480,359,438,8,12
2245184,91,757,146,143,480,359,437,7,11
2253186,91,757,146,144,480,359,437,8,12
2261184,91,757,146,143,480,359,437,8,12
2269183,91,757,146,144,480,359,437,8,12
2277184,91,757,146,143,480,359,437,8,12
2285184,91,757,146,144,480,359,437,8,12
2293187,91,757,146,143,480,359,437,8,12
2301184,91,757,146,144,481,359,437,8,11
2309184,91,757,146,143,481,359,437,8,12
2317184,91,757,146,144,481,359,437,8,11
2325184,91,757,146,143,481,359,437,8,11
2333186,92,757,146,144,481,359,438,8,12
2341183,91,757,146,143,481,359,437,8,11
2349184,92,757,146,144,481,359,437,8,11
2357184,92,756,146,143,481,359,438,8,11
2365184,92,757,146,144,481,359,437,8,12
2373186,92,756,146,143,481,359,437,8,11
2381184,92,757,146,143,482,359,438,8,11
2389184,91,757,146,143,482,359,438,8,11
2397184,92,757,146,143,482,359,438,8,11
2405184,91,757,146,144,482,359,438,8,11
2413186,91,756,146,143,482,359,437,8,11
2421184,91,757,146,144,482,359,438,7,11
2429184,91,756,146,143,482,359,438,8,11
2437184,92,757,147,144,482,359,438,8,11
2445184,91,757,146,143,482,359,437,7,11
2453186,91,757,146,144,482,359,438,8,11
2461184,92,757,146,143,482,359,438,8,11
2469184,91,757,146,144,482,359,437,8,11
2477184,91,757,146,142,482,359,438,8,11
2485184,91,757,146,144,481,360,438,8,11
2493214,91,757,146,142,481,360,438,8,11
2501184,92,757,146,143,481,359,438,8,11
2509184,91,757,146,142,481,359,438,8,11
2517216,92,757,146,144,481,359,438,8,11
2525217,91,757,146,142,481,360,438,8,11
2533218,91,757,146,143,480,360,438,8,11
2541217,92,757,146,142,480,359,438,8,12
2549216,91,757,146,143,480,360,438,8,11
2557217,91,757,146,142,480,360,438,8,11
2565217,92,757,147,143,480,360,438,8,11
2573191,92,757,146,143,480,360,438,8,11
2581189,92,757,146,143,480,360,438,8,11
2589188,92,757,146,143,480,360,438,8,11
2597188,91,757,146,143,480,360,438,8,11
2605188,92,757,146,143,480,360,438,8,11
2613191,91,757,146,143,480,360,438,8,11
2621188,92,757,146,144,480,360,438,8,11
2629189,92,757,146,143,480,359,438,8,12
2637188,92,757,146,144,480,360,438,8,11
2645188,91,757,146,143,480,359,437,8,11
2653191,92,757,146,144,480,360,438,8,11
2661188,92,757,146,143,480,359,437,8,11
2669188,92,757,146,145,480,359,438,8,12
2677188,92,757,146,143,480,360,438,8,11
2685189,91,757,146,145,480,360,438,8,11
2693191,92,757,146,143,480,359,438,8,11
2701189,91,757,147,145,480,360,438,8,11
2709189,92,757,146,144,480,360,438,7,11
2717189,91,757,146,144,479,359,437,7,11
2725189,92,757,146,144,480,360,438,7,11
2733186,92,757,146,145,480,359,438,7,12
2741184,92,757,146,144,480,360,438,7,11
2749184,92,757,146,145,480,360,438,7,12
2757184,91,757,146,144,479,360,438,8,11
2765184,92,757,146,145,480,360,437,8,12
2773186,91,757,146,144,480,359,437,8,11
2781184,91,757,146,145,479,360,438,8,11
2789184,91,757,145,144,480,360,438,8,12
2797184,92,757,146,144,479,359,438,8,12
2805184,91,757,145,145,479,359,438,8,11
2813186,92,757,145,144,480,360,438,8,11
2821184,92,757,145,145,480,360,438,8,12
2829184,91,757,145,143,480,360,438,8,12
2837183,92,757,145,144,480,360,438,8,12
2845184,91,757,145,143,481,359,437,8,12
2853186,92,757,145,145,480,360,438,8,11
2861184,91,757,145,143,480,360,438,8,12
2869184,92,757,146,144,480,360,437,8,12
2877183,92,757,146,143,480,360,438,8,12
2885184,92,757,146,144,480,360,438,8,11
2893186,92,757,146,143,480,360,438,8,11
2901184,91,757,145,144,480,360,438,8,11
2909184,92,757,146,143,480,360,437,8,12
2917184,91,757,145,144,479,359,438,8,11
2925184,91,757,145,142,480,360,438,8,11
2933186,91,757,145,143,480,360,438,8,11
2941184,91,757,145,142,480,360,438,8,11
2949184,91,757,146,143,480,360,438,8,11
2957184,91,757,146,142,480,360,438,8,11
2965184,91,757,146,143,480,360,438,8,11
2973186,91,757,146,143,480,360,438,8,11
2981183,91,757,146,143,480,360,438,8,11
2989184,91,757,146,143,480,360,437,8,11
2997210,91,757,146,143,480,360,438,8,11
3005184,91,757,146,143,480,360,437,8,11
3013186,92,757,146,143,480,360,438,8,11
3021183,91,757,146,143,480,360,438,8,11
3029184,92,757,146,142,480,360,438,8,12
3037184,92,757,146,143,480,360,438,8,11
3045184,91,756,146,142,480,360,438,8,11
3053186,92,757,146,143,480,360,438,8,12
3061184,92,757,146,142,480,360,438,8,11
3069183,92,757,146,143,480,360,438,8,11
3077184,92,757,147,142,480,360,438,8,11
3085184,92,757,146,143,480,360,438,8,11
3093186,91,757,146,142,480,360,438,8,11
3101184,91,757,146,143,480,360,438,8,11
3109184,91,757,145,140,480,359,437,7,11
3117184,92,757,147,144,480,360,439,8,11
3125184,92,757,146,142,480,360,438,8,11
3133186,92,757,146,143,480,360,438,8,11
3141183,92,757,146,142,480,360,438,8,11
3149184,91,757,146,143,480,360,438,8,11
3157184,92,757,146,143,480,360,438,8,11
3165185,91,757,146,142,480,359,438,8,11
3173186,91,757,146,143,480,360,438,8,11
3181184,91,757,146,143,480,360,438,8,11
3189184,91,757,145,143,480,360,438,8,11
3197184,91,757,146,142,480,360,438,8,11
3205184,91,757,145,143,480,360,438,8,11
3213186,91,757,145,143,480,360,438,8,11
3221184,91,758,145,143,480,360,438,8,11
3229184,91,758,145,142,480,360,438,8,11
3237184,91,757,146,143,480,360,438,8,11
3245184,92,758,145,142,480,360,438,9,11
3253186,92,757,145,143,480,361,438,8,12
3261184,92,757,145,142,480,360,438,8,11
3269184,91,757,145,143,480,360,438,8,11
3277184,91,757,145,142,480,360,438,8,11
3286362,92,757,145,143,480,360,438,8,11
3293186,91,757,145,142,480,360,438,8,11
3301184,91,757,145,143,480,359,438,8,11
3309184,92,757,146,143,480,361,439,8,11
3317184,91,757,145,143,480,360,438,8,11
3325184,92,756,145,142,480,360,438,8,12
3333186,91,756,145,143,480,360,438,8,11
3341184,91,756,145,143,480,360,438,8,11
3349184,92,756,145,143,480,360,438,8,11
3357184,91,756,145,143,480,360,438,8,11
3365184,91,756,145,143,480,360,437,8,11
3373221,92,756,145,143,480,360,438,8,12
3381217,92,756,145,143,480,359,438,8,11
3389217,92,756,145,143,480,360,438,8,12
3397217,92,756,145,143,480,360,438,7,11
3405215,91,756,145,143,480,360,438,7,11
3413219,91,756,145,143,480,360,438,8,11
3421216,91,756,145,143,480,360,438,7,11
3429188,91,756,145,143,480,360,438,7,11
3437188,91,756,146,143,480,360,438,7,11
3445188,91,755,145,142,480,360,438,8,12
3453191,91,756,145,144,480,360,438,8,11
3461188,91,756,146,142,480,360,438,8,11
3469188,91,756,146,144,480,360,438,8,12
3477188,90,756,146,142,480,360,438,8,12
3485183,91,756,146,144,480,360,438,8,12
3493241,91,756,146,143,480,360,438,9,12
3501214,91,756,145,144,480,360,438,8,12
3509188,91,756,146,143,480,360,438,8,11
3517188,91,756,146,144,480,360,439,8,12
3525188,91,756,146,143,480,360,438,8,11
3533191,91,756,146,144,480,360,438,8,11
3541188,91,756,146,143,480,360,438,8,12
3549188,90,756,146,144,480,360,438,8,12
3557188,91,756,146,143,480,360,438,8,11
3565189,90,756,145,143,480,360,438,8,11
3573191,91,756,146,143,480,360,438,8,11
3581188,91,757,146,143,480,360,438,8,11
3589183,91,757,146,143,480,360,438,8,11
3597183,91,757,146,143,480,360,437,8,12
3605183,91,757,146,143,480,360,438,8,11
3613185,91,757,145,143,480,360,438,8,11
3621183,91,756,145,144,480,360,438,8,11
3629183,91,757,146,143,480,360,438,8,11
3637183,91,757,146,144,480,360,438,8,12
3645183,91,757,146,144,479,360,438,8,11
3653185,90,757,145,144,480,360,438,8,11
3661183,91,757,146,143,480,360,439,8,11
3669183,91,757,146,144,480,360,438,8,11
3677183,91,757,146,143,480,360,438,8,11
3685183,91,757,145,144,480,360,438,8,11
3693185,91,757,146,143,480,359,438,8,11
3701183,91,757,146,144,480,360,438,8,11
3709183,91,757,146,143,480,360,438,8,11
3717183,92,757,146,144,480,360,438,8,11
3725182,92,757,145,143,480,360,438,8,12
3733185,92,757,146,144,480,360,439,8,11
3741183,92,757,146,143,480,360,438,8,11
3749183,92,756,146,144,480,360,438,8,12
3757183,92,757,146,143,480,360,438,8,11
3765183,92,756,145,144,480,360,438,8,11
3773187,92,757,146,144,480,360,438,8,11
3781183,91,757,145,143,480,360,438,8,11
3789183,92,757,146,144,480,361,438,8,11
3797183,92,757,146,143,480,360,438,7,11
3805183,92,757,146,143,479,360,438,8,11
3813185,92,757,145,143,480,360,438,8,11
3821183,92,757,146,144,480,360,438,8,11
3829183,92,757,146,143,480,360,438,8,11
3837183,92,757,145,144,480,360,438,8,11
3845183,92,757,145,143,480,360,438,8,11
3853185,91,757,146,144,480,360,438,8,11
3861183,91,757,146,143,480,360,438,8,11
3869183,91,757,146,144,480,360,438,8,11
3877183,91,757,146,143,480,360,438,8,11
3885183,91,757,146,144,480,360,438,8,11
3893185,91,757,146,143,480,360,438,8,11
3901183,91,757,146,144,480,360,438,8,11
3909183,91,757,146,143,480,360,438,8,11
3917183,91,757,146,144,480,360,438,8,11
3925183,90,757,146,143,480,361,438,8,11
3933185,91,757,146,144,480,360,438,8,11
3941183,91,757,146,143,480,360,438,8,12
3949183,91,757,146,144,480,361,438,8,11
3957183,91,757,146,143,480,360,438,8,11
3965183,91,757,146,144,480,360,439,8,11
3973185,91,757,146,143,480,360,438,8,11
3981183,91,756,146,143,480,360,438,8,11
3989183,91,757,146,144,480,360,438,8,11
3997183,91,757,146,143,480,360,438,8,11
4005210,91,757,146,144,480,360,438,8,11
4013186,91,757,146,143,480,360,438,8,11
4021183,91,757,146,144,480,360,438,8,11
4029183,91,757,146,143,480,360,438,8,11
4037184,91,757,146,144,480,360,438,8,11
4045183,91,757,146,143,480,360,438,7,11
4053185,91,757,146,144,480,361,438,8,11
4061183,91,757,146,143,480,360,438,8,11
4069183,91,757,146,144,480,360,438,8,12
4077183,91,757,146,143,480,360,438,8,12
4085183,91,757,146,144,480,360,438,8,11
4093185,91,757,147,143,480,360,438,7,12
4101183,91,757,146,144,480,360,438,8,11
4109183,91,757,146,143,480,360,438,7,12
4117183,91,757,146,144,480,360,438,7,11
4125183,91,757,146,143,480,361,438,7,12
4133185,91,757,147,144,480,360,438,7,11
4141183,91,757,146,143,480,360,438,8,11
4149183,91,757,146,144,480,360,438,8,11
4157183,91,757,146,143,480,360,438,8,11
4165183,91,757,146,144,480,360,438,8,11
4173185,91,757,146,144,480,360,438,8,11
4181183,91,757,146,144,480,360,438,8,12
4189183,91,757,146,144,480,360,438,8,11
4197183,91,757,146,144,480,360,438,8,11
4205183,91,757,146,144,480,360,438,8,12
4213185,91,757,146,144,480,360,438,8,12
4221183,91,757,146,144,480,360,438,8,12
4229217,91,756,146,143,480,360,438,8,12
4237216,91,756,146,144,480,360,438,8,12
4245217,91,756,146,143,480,360,438,8,11
4253218,91,757,146,144,480,360,437,8,11
4261216,91,757,146,143,480,360,438,8,11
4269215,91,757,146,144,480,360,438,8,11
4277215,91,757,146,143,480,360,438,8,12
4285187,91,757,146,144,480,360,438,8,11
4293193,91,757,146,143,480,360,438,8,11
4301188,91,757,146,144,480,360,438,8,11
4309187,91,757,146,143,480,360,438,8,11
4317187,91,757,146,144,480,360,438,8,11
4325187,91,757,146,143,480,360,438,8,12
4333190,91,757,146,144,480,360,438,8,11
4341188,91,757,146,143,480,360,438,7,11
4349188,91,757,146,144,480,360,438,8,11
4357187,91,757,146,143,480,360,438,8,11
4365187,91,756,146,144,480,360,438,8,12
4373190,91,757,146,144,480,359,438,8,11
4381188,91,757,146,144,480,360,438,7,11
4389188,91,757,146,144,480,360,438,8,11
4397188,91,757,146,144,480,360,438,8,11
4405188,91,757,146,144,480,360,438,8,11
4413191,91,757,146,143,481,360,438,8,11
4421189,91,756,146,144,480,360,438,7,12
4429188,91,756,146,143,480,360,438,8,11
4437188,92,756,146,144,480,360,438,8,12
4445183,91,756,146,143,480,360,438,8,11
4453185,92,756,146,144,481,360,438,8,11
4461183,91,757,146,143,480,360,438,8,12
4469184,91,757,146,144,480,361,438,8,11
4477183,91,757,146,143,480,360,438,8,11
4485184,91,757,146,144,480,360,438,7,11
4493185,91,757,146,143,480,360,438,8,11
4501183,91,756,146,144,480,360,438,8,11
4509209,91,757,146,143,480,360,438,8,11
4517183,91,757,146,144,480,360,438,8,11
4525183,91,757,146,143,480,360,438,8,11
4533185,91,757,146,144,480,360,438,8,11
4541183,91,757,146,143,480,360,438,8,11
4549183,91,757,146,144,480,360,438,8,11
4557183,91,757,146,143,480,360,438,8,11
4565183,91,757,146,144,480,360,438,8,11
4573185,91,757,146,143,480,360,438,8,11
4581183,91,757,146,144,480,360,438,8,11
4590807,91,757,146,143,480,360,438,8,12
4597184,91,757,146,144,480,361,438,8,11
4605183,91,756,144,142,481,359,437,8,12
4613185,91,756,147,143,480,361,439,8,12
4621183,92,757,147,145,480,360,438,8,12
4629183,91,757,146,144,480,361,438,8,11
4637183,91,757,147,144,480,360,438,8,11
4645183,91,757,146,143,480,360,438,8,11
4653185,91,757,146,144,480,360,438,8,11
4661183,91,757,146,143,480,360,438,8,11
4669183,92,757,146,144,480,360,439,8,11
4677183,91,757,146,143,480,360,438,8,11
4685183,91,757,146,144,480,360,438,8,11
4693185,91,757,146,143,480,360,438,8,11
4701183,92,757,146,144,480,360,438,8,11
4709183,91,757,146,143,480,360,438,8,11
4717183,91,756,146,144,480,360,438,8,11
4725184,91,757,146,143,480,360,438,8,11
4733185,91,757,146,144,480,360,438,8,12
4741183,91,757,146,143,480,360,438,8,11
4749183,91,757,146,144,480,360,438,8,11
4757183,91,757,146,144,480,360,438,8,11
4765183,91,757,146,144,480,360,438,8,11
4773185,91,757,146,144,480,360,438,8,12
4781183,91,757,147,144,480,360,438,8,11
4789183,92,757,146,144,480,360,438,8,12
4797183,92,757,147,144,480,360,438,7,12
4805183,91,757,146,144,480,360,438,8,11
4813187,92,757,146,144,480,360,438,7,11
4821183,91,757,146,144,480,360,438,7,11
4829183,92,757,147,143,480,360,438,8,12
4837183,91,757,146,144,480,360,438,8,12
4845183,91,756,146,143,480,360,438,8,11
4853185,91,757,146,145,480,360,438,8,12
4861183,91,757,146,144,480,360,438,8,12
4869183,91,757,146,145,480,360,438,8,11
4877183,91,757,146,143,480,360,438,8,11
4885183,91,757,146,144,480,360,438,8,12
4893186,92,757,146,143,480,360,438,8,11
4901183,92,757,146,144,480,360,438,8,12
4909183,92,757,146,143,480,360,438,8,12
4917183,91,756,146,144,480,360,438,8,12
4925183,92,757,146,143,480,360,438,8,12
4933185,92,756,146,144,480,360,438,8,11
4941183,92,757,146,144,480,360,438,8,11
4949183,91,757,146,144,480,360,438,8,12
4957183,92,757,146,144,480,360,438,8,12
4965183,91,757,146,144,480,360,437,8,11
4973185,92,757,146,143,480,360,438,8,11
4981183,92,757,146,144,480,360,438,8,11
4989183,91,757,146,144,480,360,438,8,11
4997183,91,757,146,144,480,360,438,8,12
5005183,91,757,146,144,480,360,438,7,11
5013185,91,757,146,143,480,360,438,8,12
5021183,91,757,146,144,480,360,437,8,11
5029183,91,757,146,143,480,360,438,8,11
5037183,91,757,146,144,480,360,438,8,11
5045183,91,757,146,143,480,360,439,8,11
5053185,91,757,147,144,480,360,438,8,11
5061183,91,757,146,143,480,360,437,8,11
5069183,91,757,146,145,480,360,438,8,10
5077183,91,757,146,143,480,360,438,8,11
5085217,91,757,146,145,480,360,438,8,11
5093219,91,757,146,143,480,360,438,8,11
5101218,92,757,146,144,480,360,438,8,11
5109217,92,757,146,143,480,360,438,8,11
5117217,92,756,146,144,480,360,438,8,11
5125217,91,757,147,143,480,360,438,8,12
5133219,92,757,147,144,480,360,438,8,11
5141187,92,757,146,143,480,360,438,8,11
5149188,92,756,146,144,480,360,438,8,10
5157187,91,757,146,144,480,360,438,8,11
5165187,91,757,146,144,480,360,438,8,11
5173190,91,757,146,143,480,360,438,7,11
5181187,91,757,146,144,480,360,438,8,11
5189187,91,757,146,144,480,360,438,8,10
5197187,92,757,146,144,480,360,438,8,11
5205187,92,757,146,144,480,360,439,8,11
5213190,92,757,146,143,480,360,438,8,10
5221187,91,757,146,144,480,360,438,8,10
5229187,91,757,146,143,480,360,438,8,10
5237190,91,757,146,144,480,360,438,8,10
5245187,91,757,146,143,480,360,438,8,10
5253192,91,757,145,144,480,360,438,8,10
5261189,91,757,146,143,480,360,438,8,10
5269188,91,757,146,144,480,360,438,8,10
5277188,91,757,146,143,480,361,438,8,11
5285188,91,757,146,144,480,361,438,8,10
5293190,91,757,146,143,480,360,438,8,10
5301183,91,757,146,144,480,360,438,8,10
5309183,91,757,146,143,480,360,438,8,10
5317183,92,757,147,144,480,360,438,8,10
5325183,91,756,146,143,480,361,438,8,10
5333185,91,757,146,144,480,361,438,8,10
5341183,92,757,146,143,480,360,438,8,10
5349183,91,757,146,144,480,360,438,8,10
5357183,92,757,146,144,480,360,438,8,10
5365183,91,757,146,144,480,360,438,8,10
5373185,92,756,146,143,480,360,438,8,10
5381183,91,757,146,144,480,360,438,8,10
5389183,92,757,146,144,480,360,438,7,11
5397183,92,756,146,144,480,360,438,8,10
5405183,92,756,146,144,480,360,438,8,11
5413185,92,756,146,144,480,360,438,8,11
5421183,92,757,146,144,480,360,438,8,11
5429183,92,757,146,143,480,360,438,7,11
5437182,92,757,146,144,480,360,438,8,11
5445183,92,757,146,143,480,360,438,8,11
5453185,92,756,146,144,480,360,438,8,11
5461183,92,757,146,143,480,360,438,8,11
5469183,91,757,146,144,480,360,438,7,11
5477183,92,757,146,143,480,360,438,8,11
5485183,92,757,146,144,480,360,438,7,11
5493185,92,756,146,143,480,360,438,7,12
5501183,92,757,147,144,480,360,438,7,12
5509183,92,757,146,143,480,360,438,7,12
5517183,92,757,147,144,480,360,438,8,12
5525183,92,757,147,143,480,360,438,8,12
5533186,91,757,146,144,480,360,438,8,12
5541183,92,757,146,143,480,360,438,8,12
5549182,92,757,147,144,480,360,438,8,12
5557183,92,757,147,143,480,360,438,8,12
5565183,92,757,146,144,480,360,438,8,12
5573186,92,757,146,144,480,360,438,7,12
5581183,92,757,146,144,480,360,438,7,12
5589183,92,757,146,144,480,360,438,8,12
5597183,92,757,146,144,480,360,438,7,12
5605183,92,756,146,144,480,360,438,7,12
5613186,92,757,146,143,480,360,438,7,12
5621183,92,756,146,144,480,360,438,7,12
5629183,92,756,146,144,480,360,438,8,12
5637183,92,757,147,144,480,360,438,7,11
5645183,92,757,146,143,480,360,438,7,12
5653185,92,757,146,144,480,360,438,6,12
5661183,92,757,146,143,480,359,438,7,12
5669183,92,757,146,144,480,360,437,7,12
5677183,92,757,146,143,480,360,438,7,12
5685183,92,757,146,144,480,360,438,7,12
5693185,92,757,146,143,480,360,438,7,12
5701183,92,757,146,144,480,360,438,8,12
5709183,91,757,146,143,480,360,438,8,12
5717183,91,757,146,144,480,360,438,8,12
5725183,91,757,146,143,480,360,438,8,12
5733186,92,757,146,144,480,360,438,8,12
5741184,91,757,146,143,480,360,438,8,12
5749183,91,757,146,144,480,360,437,8,12
5757183,91,757,146,144,480,360,438,8,11
5765183,91,757,146,144,480,360,438,8,12
5773185,91,757,146,144,480,360,438,8,12
5781183,92,757,146,144,480,360,438,8,12
5789183,91,757,146,144,480,360,438,8,12
5797183,92,757,146,143,480,360,438,8,12
5805183,92,756,146,144,480,360,438,8,11
5813185,92,756,146,143,480,360,438,9,11
5821183,92,756,146,144,480,360,438,9,12
5829183,92,757,146,143,480,360,437,9,12
5837183,92,756,147,144,480,360,438,8,11
5845183,92,757,147,143,480,360,438,8,11
5853185,92,757,146,144,480,360,438,9,11
5861183,92,757,146,144,480,360,438,9,12
5869183,92,756,146,144,480,360,438,8,11
5877183,92,757,146,143,480,360,438,8,11
5885183,92,757,146,144,480,360,438,8,12
5893186,92,757,146,143,480,360,438,8,12
5901183,92,757,146,144,480,360,438,8,12
5909183,92,757,146,143,480,360,438,9,12
5917211,91,757,146,144,480,360,438,8,11
5925184,92,757,146,143,480,360,438,8,12
5933185,91,757,146,144,480,360,438,8,11
5941183,92,757,146,143,480,360,438,9,11
5949216,91,757,146,144,480,360,438,9,11
5957215,91,757,146,143,480,360,438,8,11
5965216,91,757,146,144,480,360,438,8,12
5973219,91,757,146,143,480,360,438,8,12
5981216,91,757,146,144,480,360,438,8,12
5989187,91,757,146,144,480,360,438,8,12
5997187,91,757,146,144,480,361,438,8,11
6005187,91,757,146,144,480,361,438,8,11
6013190,91,757,146,143,480,360,438,8,11
6021187,92,757,146,144,480,360,438,8,11
6029187,92,757,146,143,480,360,438,8,11
6037187,92,757,147,144,480,361,439,8,11
6045187,92,757,146,143,480,360,438,8,11
6053190,91,757,147,144,480,360,438,8,11
6061187,92,757,146,143,480,360,438,8,11
6069187,91,757,146,144,480,360,438,8,11
6077187,92,757,146,143,480,360,438,8,11
6085188,91,756,146,144,480,360,438,9,11
6093201,91,756,146,143,480,360,438,8,11
6101188,91,757,146,144,480,360,438,8,11
6109188,90,756,145,142,480,359,437,8,12
6117188,92,756,147,145,480,360,439,8,11
6125189,92,757,146,143,480,360,438,8,12
6133191,92,757,146,144,480,360,438,8,11
6141187,92,757,147,143,480,360,438,8,12
6149188,92,757,146,144,480,360,437,8,11
6157183,91,757,146,143,480,360,438,8,12
6165183,92,757,146,144,480,360,438,8,11
6173185,91,757,146,144,480,360,438,8,11
6181183,92,757,147,144,480,360,438,8,11
6189183,92,757,146,143,480,360,437,8,12
6197183,92,757,146,144,480,360,438,8,11
6205183,91,757,146,144,480,360,438,8,12
6213185,91,757,146,144,480,360,438,8,11
6221184,92,757,147,144,480,360,438,8,11
6229183,91,757,146,143,480,360,437,8,11
6237183,91,757,147,145,480,359,437,8,12
6245183,91,757,146,143,480,360,437,9,11
6253185,91,757,147,145,480,360,437,8,11
6261183,91,757,146,143,480,359,437,8,12
6269183,92,757,147,145,480,360,437,8,11
6277182,91,757,146,143,480,360,437,8,11
6285183,92,757,146,145,480,360,437,8,12
6293186,92,756,146,143,480,360,437,8,12
6301183,92,757,146,144,480,360,437,8,12
6309183,92,756,146,143,480,360,437,8,12
6317183,92,756,146,144,480,360,437,8,11
6325183,92,756,146,143,480,360,437,8,11
6333185,91,757,146,144,480,360,436,8,11
6341183,92,757,146,143,480,360,437,8,11
6349183,92,757,146,144,480,360,436,8,11
6357183,92,757,147,143,480,360,437,8,11
6365183,92,757,146,144,480,360,437,8,11
6373185,92,757,147,143,480,360,436,8,11
6381183,91,757,146,143,480,360,436,8,11
6389183,91,757,146,144,480,360,436,8,11
6397183,91,757,146,143,480,360,437,8,11
6405183,91,757,146,144,480,360,436,8,11
6413185,91,757,146,143,480,360,436,8,11
6421184,91,757,146,144,480,360,437,8,11
6429183,91,757,146,143,480,360,436,8,12
6437183,91,757,146,144,480,360,437,8,11
6445183,91,757,146,143,480,360,436,8,11
6453186,91,757,146,145,480,360,436,8,11
6461184,91,757,146,143,480,360,436,8,11
6469183,92,757,146,145,480,360,436,8,11
6477183,91,757,146,143,480,360,436,8,11
6485184,92,757,146,145,480,360,436,8,11
6493185,92,756,146,143,480,360,436,8,11
6501183,92,756,146,144,480,360,437,8,11
6509183,92,756,146,143,480,360,436,8,11
6517183,92,757,146,144,480,360,436,8,11
6525183,92,756,147,143,480,360,437,8,11
6533186,92,756,146,144,480,360,436,8,11
6541182,92,756,146,143,480,360,436,7,11
6549183,91,757,146,144,480,359,436,8,11
6557183,92,756,146,144,480,360,437,8,11
6566120,92,757,146,144,480,360,437,8,11
6573186,92,757,146,144,480,360,437,8,11
6581183,91,757,144,143,480,359,436,8,11
6589183,92,757,147,144,481,360,437,8,11
6597183,92,757,146,144,480,360,437,8,11
6605183,91,757,146,144,480,359,436,8,11
6613186,91,757,146,144,480,359,437,8,11
6621183,91,757,146,144,480,359,437,8,11
6629183,92,757,146,143,481,359,437,8,11
6637183,91,757,146,144,480,359,437,8,11
6645183,92,757,146,144,480,359,437,8,11
6653185,91,757,146,144,480,359,437,8,11
6661183,91,757,146,143,480,359,437,8,11
6669183,91,757,146,144,481,359,437,8,11
6677183,91,757,146,143,480,359,437,8,12
6685183,91,757,146,144,480,359,437,8,11
6693185,91,757,146,143,481,359,437,8,11
6701183,91,757,146,144,481,359,437,8,11
6709183,91,757,147,143,481,359,437,8,11
6717183,91,757,147,144,481,359,437,8,11
6725183,92,757,147,143,481,359,437,8,11
6733185,91,757,146,144,481,359,437,8,11
6741183,91,757,146,143,481,359,437,8,11
6749183,92,756,147,143,481,359,437,8,11
6757183,91,757,146,143,482,359,437,8,11
6765183,92,757,146,144,481,359,437,8,11
6773186,92,757,146,143,482,359,437,8,11
6781183,92,756,146,143,482,359,437,8,11
6789183,92,756,146,143,482,359,437,8,11
6797217,92,756,146,143,482,359,437,8,11
6805218,92,756,147,143,482,359,437,8,11
6813218,91,757,146,143,482,359,436,8,11
6821216,91,757,146,144,482,359,437,8,11
6829216,91,757,146,143,481,359,436,8,11
6837216,92,757,146,144,482,359,436,8,11
6845187,92,757,147,143,482,359,437,8,12
6853190,92,757,146,144,482,359,437,8,11
6861187,92,757,147,143,481,359,438,8,11
6869187,92,757,146,144,482,359,437,7,11
6877187,92,757,146,142,481,359,437,7,12
6885188,92,757,146,144,481,359,437,8,11
6893190,91,757,146,142,481,359,437,8,12
6901187,92,757,146,143,481,359,437,8,11
6909188,91,757,146,142,481,359,437,8,11
6917188,92,757,147,143,481,359,437,8,11
6925188,91,757,146,143,481,359,437,8,11
6933190,91,757,146,143,480,359,437,8,11
6941188,91,757,147,142,481,359,437,8,11
6949187,91,757,146,143,480,359,437,8,11
6957184,92,757,147,143,480,359,437,8,11
6965187,91,757,146,143,480,359,438,8,11
6973201,91,756,145,142,481,358,435,8,11
6981194,92,756,145,143,482,357,435,7,13
6989182,92,757,146,141,481,358,437,8,12
6997181,92,757,146,144,480,359,436,9,10
7005180,91,756,146,143,480,360,439,7,12
7013191,93,756,148,144,480,360,439,8,12
7021181,91,757,146,144,480,359,438,8,11
7029180,91,754,144,143,480,358,435,8,11
7037601,93,757,148,144,482,359,436,8,11
7045181,93,757,148,144,481,359,436,6,12
7053184,92,757,147,145,480,359,435,8,11
7061315,91,756,146,142,481,358,437,7,11
7069180,90,756,144,143,480,359,437,7,12
7077180,91,755,146,141,479,360,439,6,11
7085180,93,757,149,145,482,360,438,8,12
7093180,92,757,147,144,480,359,438,8,11
7101180,91,757,146,145,480,359,438,8,11
7109180,91,757,145,143,480,359,438,8,11
7117184,91,757,146,145,480,359,438,8,11
7125184,91,757,146,144,480,359,437,8,12
7133186,91,757,146,145,480,359,438,8,12
7141184,91,757,146,144,480,359,437,8,11
7149183,91,757,146,145,480,359,437,8,11
7157184,92,757,146,144,480,359,437,8,11
7165183,91,757,146,145,480,359,437,8,11
7173186,92,757,146,144,480,359,438,8,11
7181184,91,757,146,144,480,360,437,8,11
7189184,92,756,145,143,480,359,438,8,11
7197183,91,756,145,143,480,360,438,8,11
7205184,92,757,146,144,480,360,438,8,11
7213186,92,756,146,143,480,360,438,8,11
7221184,91,757,146,144,479,359,438,8,11
7229184,92,757,146,143,479,359,438,7,11
7237184,91,757,146,144,480,359,438,8,11
7245184,92,757,145,143,480,360,438,8,11
7253186,91,757,145,144,479,360,438,8,11
7261184,92,757,145,143,479,360,438,8,11
7269184,91,757,146,144,480,359,438,8,11
7277184,91,757,145,143,480,359,438,8,11
7285184,91,757,146,144,480,359,438,8,11
7293186,91,757,146,143,479,360,438,8,11
7301184,91,757,145,144,479,359,438,8,11
7309184,91,757,145,142,479,360,438,8,11
7317184,92,757,145,144,479,360,438,8,11
7325184,91,757,145,143,479,359,438,8,11
7333186,92,757,146,144,479,360,438,8,11
7341184,91,757,145,143,479,359,438,8,11
7349183,91,757,146,143,480,360,438,8,11
7357184,91,757,146,143,480,360,438,8,11
7365184,91,757,146,143,480,360,438,8,11
7373188,91,757,146,143,480,360,438,8,11
7381183,91,757,146,143,480,360,438,8,11
7389183,91,757,146,143,480,360,438,8,11
7397183,91,757,146,142,480,360,438,8,12
7405184,92,757,146,143,480,360,438,8,11
7413186,92,757,146,142,480,360,438,8,11
7421184,92,757,146,143,480,360,438,8,11
7429184,91,757,146,142,480,360,438,8,11
7437183,92,757,146,143,480,360,438,8,11
7445184,92,757,146,142,480,360,438,8,11
7453186,92,757,146,143,480,360,438,8,11
7461184,92,757,146,142,480,360,438,7,11
7469184,91,757,146,143,479,360,438,8,11
7477184,92,757,146,142,480,360,438,8,11
7485184,92,757,146,144,480,360,438,8,11
7493185,92,757,146,142,480,360,438,8,12
7501183,92,757,146,143,480,360,438,8,11
7509183,92,757,146,142,480,360,438,8,11
7517183,92,758,146,143,480,360,438,8,11
7525184,92,757,146,142,480,360,438,8,11
7533186,92,758,146,143,480,360,438,8,12
7541184,91,757,146,142,480,360,438,8,11
7549183,91,757,145,142,479,360,438,8,11
7557184,92,757,145,142,480,360,438,8,11
7565184,92,757,146,143,479,360,438,7,12
7573186,91,757,145,142,479,360,438,8,12
7581183,92,757,146,143,479,360,438,8,12
7589184,92,757,145,142,480,360,438,8,11
7597185,92,757,145,142,480,360,438,8,12
7605184,91,757,145,143,479,360,438,8,11
7613186,91,757,144,142,480,360,438,8,12
7621184,92,757,146,143,480,360,438,8,12
7629218,91,757,145,142,480,360,438,8,11
7637184,91,757,145,144,480,360,438,8,11
7645184,92,757,145,143,480,360,438,8,11
7653220,91,757,145,143,480,360,438,7,12
7661218,92,757,145,142,480,360,438,8,11
7669217,91,756,145,143,480,360,438,8,11
7677216,92,757,145,142,480,360,438,8,11
7685217,91,757,145,143,479,360,438,8,11
7693218,92,757,145,142,479,360,438,8,11
7701188,91,757,144,143,479,360,438,8,11
7709188,91,756,145,142,479,360,438,8,11
7717188,91,757,145,144,480,360,438,8,11
7725189,92,757,145,142,480,360,438,8,12
7733358,91,757,143,143,479,359,437,7,11
7741179,91,756,145,142,480,360,438,8,11
7749188,91,756,144,142,480,360,437,8,11
7757179,92,756,146,143,480,361,439,8,12
7765180,91,756,145,142,480,359,436,8,12
7773182,91,756,146,143,480,360,438,8,11
7781179,91,756,145,143,480,360,438,8,11
7789179,91,756,144,143,480,360,438,8,11
7797183,91,756,145,143,480,360,438,8,11
7805183,91,756,145,143,480,360,438,8,11
7813185,91,756,145,143,480,360,438,8,11
7821179,91,756,145,143,480,360,438,8,11
7829183,91,756,145,143,480,360,438,8,11
7837179,91,756,145,144,480,360,438,8,11
7845183,91,756,145,143,480,360,438,8,11
7853185,91,756,145,144,480,360,438,8,11
7861179,91,756,145,143,480,360,438,8,11
7869183,91,756,145,144,480,360,438,8,11
7877179,91,757,145,143,480,360,438,8,11
7885180,91,756,145,143,480,360,438,8,11
7893179,91,756,145,142,480,360,438,8,11
7901179,91,756,145,144,480,360,438,8,12
7909183,91,756,145,142,480,360,438,7,11
7917179,91,756,145,144,480,360,438,8,11
7925183,91,756,145,142,480,360,438,7,11
7933185,91,756,145,144,480,360,438,8,11
7941179,91,756,145,143,480,360,438,8,11
7949183,90,756,145,144,480,360,438,8,11
7957182,90,756,145,143,480,360,438,8,11
7965180,90,756,145,144,480,360,439,8,11
7973180,90,756,145,143,480,360,438,8,11
7981183,90,756,145,144,480,360,438,8,11
7989179,91,757,145,143,480,360,438,8,11
7997183,91,757,145,144,480,360,438,8,11
8013186,91,756,145,143,480,360,438,8,11
8013186,91,756,145,143,480,360,438,8,11
8021179,91,757,144,143,480,359,437,8,11
8029179,90,756,143,141,480,359,437,8,12
8037179,91,756,145,144,480,360,438,8,11
8045179,90,756,145,143,480,360,438,8,11
8053181,90,755,145,144,480,360,438,8,11
8061179,91,755,145,143,480,360,439,8,11
8069179,91,755,145,144,480,360,438,8,11
8077183,91,755,145,142,480,360,438,8,11
8085179,91,755,145,144,480,361,439,8,12
8093184,91,756,146,143,480,360,439,8,11
8101183,91,755,145,144,480,360,438,8,11
8109179,91,755,145,143,480,360,438,8,11
8117183,91,755,145,144,480,360,438,8,11
8125180,92,756,145,143,480,360,438,8,11
8133185,91,755,145,144,480,360,438,8,11
8141168,91,755,146,143,480,360,438,8,11
8149167,91,755,145,144,480,360,438,7,11
8157169,90,754,143,141,481,359,436,8,11
8165168,91,754,145,143,481,360,438,8,11
8173170,92,754,145,143,481,360,438,8,11
8181170,91,754,145,144,481,360,438,8,11
8189167,91,754,145,143,481,360,438,8,11
8197169,91,754,145,143,481,360,437,8,11
8205167,94,757,149,147,480,361,440,8,11
8213170,91,756,145,143,480,359,437,8,11
8221169,91,757,146,144,480,360,438,8,11
8229168,91,757,146,143,480,360,438,8,11
8237169,91,757,146,144,480,360,438,8,11
8245168,91,756,146,142,480,360,438,8,11
8253169,91,756,146,144,480,360,437,8,12
8261169,91,756,146,143,480,360,438,8,11
8269167,91,756,146,144,480,360,439,8,11
8277169,91,756,146,143,480,360,438,8,12
8285168,91,756,146,144,480,360,439,8,11
8293169,91,756,146,143,480,360,437,8,11
8301170,91,756,146,144,480,361,439,8,11
8309167,91,756,146,143,480,360,438,8,11
8317169,91,756,146,144,480,360,438,8,11
8325168,91,756,146,143,480,360,438,8,11
8333169,90,756,146,144,481,360,437,8,11
8341169,90,756,146,144,481,360,438,8,11
8349167,90,756,146,144,481,360,438,8,11
8357169,91,756,146,143,480,360,438,8,11
8365167,90,756,146,144,480,360,438,8,11
8373169,91,756,146,143,480,360,438,8,11
8381169,91,756,146,144,480,360,438,8,11
8389167,91,756,146,143,480,360,438,8,11
8397169,90,756,146,143,480,360,438,7,11
8405167,90,756,146,144,480,360,438,8,11
8413169,91,756,146,143,480,360,438,7,11
8421169,90,756,145,144,480,360,438,8,11
8429168,91,756,146,143,480,360,438,8,11
8437169,90,756,146,144,480,360,438,8,11
8445168,91,757,146,143,480,360,438,8,11
8453169,90,757,146,144,480,361,437,8,11
8461169,91,757,146,143,480,360,438,8,12
8469168,91,756,145,144,480,360,438,8,11
8477169,91,756,145,143,480,360,438,8,12
8485168,91,757,146,144,480,360,438,8,12
8493169,90,756,145,143,480,360,438,8,12
8501170,91,757,146,144,480,360,438,8,11
8509168,90,757,146,143,480,360,438,8,11
8517170,91,757,146,144,480,360,438,8,11
8525168,90,757,146,143,480,360,439,8,11
8533169,91,757,146,144,480,361,438,8,11
8541169,91,757,146,144,480,360,438,8,12
8549167,91,756,146,144,480,360,438,8,11
8557169,91,757,146,144,480,360,438,8,11
8565168,91,756,146,144,480,361,438,8,11
8573169,91,756,146,144,480,360,438,8,11
8581169,91,756,146,144,480,360,438,7,12
8589168,91,756,147,144,480,360,438,8,11
8597169,91,756,146,144,480,360,438,8,11
8605167,91,756,147,143,480,360,438,7,11
8613169,91,756,146,144,480,360,438,8,11
8621169,91,756,146,144,480,360,438,7,11
8629167,91,756,146,144,480,361,438,8,11
8637167,91,756,146,144,480,360,438,8,11
8645168,91,756,146,143,480,360,438,8,11
8653169,91,756,146,144,480,360,438,8,11
8661169,91,756,146,144,480,360,439,7,12
8669167,91,756,146,144,480,360,438,8,12
8677169,91,757,146,143,480,360,438,8,11
8685168,91,757,146,144,480,360,438,8,11
8693169,91,757,146,143,480,360,438,8,11
8701169,91,757,146,144,480,361,438,8,11
8709167,91,757,145,143,480,360,438,8,11
8717169,91,757,146,144,480,360,438,8,12
8725168,91,757,146,143,480,360,439,8,11
8733169,91,757,146,144,481,360,438,8,12
8741169,91,757,146,143,480,360,438,8,12
8749167,91,756,146,144,480,361,439,9,12
8757169,91,757,146,143,480,360,438,8,11
8765167,91,756,146,144,480,361,438,9,12
8773170,91,757,146,143,482,360,438,8,11
8781169,91,756,146,144,480,360,439,8,12
8789167,91,756,146,144,480,361,438,8,11
8797169,91,756,146,144,480,360,438,8,11
8805168,91,756,146,144,480,360,438,8,11
8813170,91,756,146,143,481,360,438,8,11
8821169,91,756,147,144,480,360,438,8,11
8829168,91,756,146,143,480,360,438,8,11
8837169,91,756,146,144,480,360,438,8,11
8845180,91,756,146,143,480,360,438,8,11
8853180,91,756,146,144,480,360,438,8,11
8861183,92,756,147,144,480,361,439,8,11
8869179,91,756,146,144,480,360,438,8,11
8877183,91,756,146,143,480,360,438,8,11
8885179,91,757,146,144,480,360,438,8,11
8893184,91,756,146,142,480,359,438,8,11
8901183,91,757,146,144,480,360,438,8,11
8909179,91,757,146,143,480,360,438,8,11
8917182,91,757,146,144,480,360,438,8,11
8925179,91,757,146,143,480,360,438,8,11
8933178,91,757,146,143,480,360,438,8,11
8941182,91,757,146,143,480,359,438,8,11
8949179,91,757,146,144,480,360,438,8,11
8957183,91,757,147,143,480,360,438,7,12
8965183,91,757,146,144,480,360,438,8,12
8973185,91,757,146,143,480,360,438,8,12
8981179,91,757,146,144,480,360,438,8,11
8989179,91,757,147,144,480,360,438,8,12
8997179,91,757,146,144,480,360,438,8,12
9005179,91,757,147,144,480,360,438,8,11
9013179,91,756,146,143,480,360,438,8,11
9021179,91,757,147,144,480,360,438,8,11
9029179,91,757,147,144,480,360,438,8,11
9037179,91,757,146,145,480,360,438,8,11
9045183,91,757,147,144,480,360,438,8,11
9053185,91,756,146,145,480,360,438,7,11
9061183,92,756,146,143,480,360,438,8,11
9069183,91,756,146,144,480,360,438,8,11
9077183,92,757,146,143,480,360,438,8,11
9085183,91,756,146,144,480,360,438,8,11
9093186,92,757,146,143,480,360,438,8,11
9101182,91,756,146,144,480,360,438,7,11
9109182,91,756,145,143,480,359,437,8,11
9117183,91,757,147,145,480,361,439,8,12
9125173,92,757,146,143,480,360,438,8,12
9133184,91,757,147,145,479,360,438,8,11
9141212,91,757,146,143,480,360,438,8,11
9149183,91,757,146,144,480,360,438,8,11
9157183,91,757,146,143,480,360,438,8,11
9165182,91,757,146,144,480,360,438,8,11
9173184,91,757,146,144,480,360,438,8,11
9181182,91,757,146,143,480,360,438,8,12
9189183,91,757,146,144,480,360,438,8,11
9197182,91,757,146,143,480,360,438,8,11
9205182,91,757,146,144,480,360,438,8,11
9213184,91,757,146,144,480,360,438,8,12
9221182,91,756,146,144,480,360,438,8,11
9229182,91,757,146,143,480,360,438,8,12
9237181,91,757,146,144,480,360,438,8,11
9245182,91,757,146,143,480,361,438,8,11
9253184,91,757,146,145,480,360,438,8,11
9261182,91,757,146,143,480,360,438,8,12
9269182,91,757,146,144,480,360,438,8,11
9277181,91,756,146,143,480,360,438,8,11
9285182,91,757,146,144,480,360,438,7,11
9293184,91,757,146,143,480,360,438,8,11
9301183,92,757,146,144,480,360,438,7,11
9309183,92,757,146,143,480,360,438,8,11
9317182,92,757,147,144,480,360,438,8,11
9325182,91,757,146,143,480,360,438,8,12
9333184,91,757,146,144,480,360,438,8,11
9341183,91,757,146,143,480,360,438,8,12
9349183,92,757,146,144,480,360,438,8,11
9357181,91,756,146,144,480,360,438,8,11
9365182,91,757,145,143,480,359,437,8,11
9373184,92,757,147,144,479,361,439,8,12
9381183,92,757,146,144,480,360,438,8,11
9389179,91,757,146,144,480,360,438,8,11
9397181,91,757,146,143,480,360,438,8,11
9405182,91,757,146,144,480,360,438,8,11
9413184,91,757,146,143,480,360,438,8,11
9421182,91,757,146,144,480,360,438,8,11
9429183,91,757,146,143,480,360,438,8,11
9437182,91,757,146,145,480,360,439,8,11
9445182,91,757,146,143,480,360,438,8,11
9453184,91,757,146,144,481,360,438,8,11
9461179,91,757,146,143,480,360,438,8,11
9469184,91,757,146,144,480,360,438,8,11
9477182,92,757,146,143,480,360,438,8,11
9485182,91,757,146,144,480,360,438,8,11
9493184,91,757,146,143,480,360,438,8,11
9501183,91,757,146,144,480,360,438,8,11
9509181,92,757,147,143,480,360,438,8,11
9517182,91,757,146,144,480,360,438,8,11
9525182,91,757,147,143,480,360,438,8,10
9533184,91,757,147,144,480,360,438,8,11
9541183,91,756,146,143,480,360,437,8,11
9549181,91,756,146,144,480,360,438,8,10
9557182,92,756,146,143,480,360,438,8,11
9565182,92,756,146,144,480,360,438,8,11
9573184,91,757,146,143,480,360,438,8,11
9581183,92,756,146,144,480,360,437,8,11
9589181,92,757,146,143,480,360,438,8,10
9597182,91,757,147,144,480,360,438,8,11
9605182,91,757,147,143,480,360,438,8,11
9613184,92,757,146,143,480,360,438,8,11
9621183,92,757,146,144,480,360,438,8,10
9629180,91,757,146,143,480,360,438,8,10
9637179,92,757,146,144,480,360,438,8,10
9645183,92,757,146,143,480,360,438,8,10
9653184,92,757,146,144,480,360,438,8,10
9661183,91,756,146,143,480,360,437,8,10
9669180,92,757,147,145,480,361,439,8,10
9677182,92,757,146,143,480,360,438,8,10
9685182,91,757,147,145,480,360,438,8,10
9693184,92,757,146,143,480,360,438,8,10
9701183,91,757,146,144,480,360,437,8,10
9709182,91,757,147,143,480,360,438,8,10
9717182,91,757,147,144,480,360,438,8,10
9725182,91,757,147,143,480,360,438,8,10
9733184,91,756,146,144,480,360,438,8,10
9741182,92,757,147,144,480,360,438,8,10
9749182,91,756,146,144,480,360,438,8,10
9757182,92,756,146,144,480,360,438,8,10
9765182,92,757,146,144,480,360,438,8,10
9773184,91,756,146,143,480,360,438,7,10
9781182,92,756,146,144,480,360,438,8,11
9789182,92,756,146,144,480,360,438,7,11
9797182,92,756,146,144,480,360,438,7,11
9805182,91,757,146,143,480,360,437,8,11
9813184,92,756,146,144,480,360,438,8,11
9821182,92,757,146,144,480,360,437,8,11
9829182,92,757,146,143,480,360,438,7,11
9837182,91,757,146,144,480,360,438,8,11
9845182,92,757,146,143,480,360,438,8,11
9853184,91,757,146,144,480,360,438,8,11
9861180,91,757,146,143,480,360,438,8,11
9869182,92,757,146,144,480,360,438,7,11
9877182,92,757,146,143,480,360,438,8,12
9885179,92,757,146,144,480,360,438,8,12
9893183,91,757,146,143,480,360,438,8,12
9901181,92,757,146,144,480,360,438,8,12
9909182,92,757,147,143,480,360,438,7,12
9917182,92,757,147,145,480,360,438,8,12
9925182,92,757,146,143,480,360,438,8,12
9933184,92,757,146,145,480,360,438,8,12
9941181,92,757,146,143,481,360,438,8,12
9949182,92,757,146,144,480,360,438,7,12
9957182,92,757,146,144,480,360,438,7,12
9965182,92,756,146,144,480,360,438,7,12
9973184,92,756,146,144,480,360,438,7,12
9981199,92,757,146,144,480,360,438,7,12
9989182,92,756,146,143,480,360,438,7,12
9997182,92,757,146,144,480,360,438,7,11
10005182,92,757,146,144,480,360,438,7,11
10013184,92,757,146,144,480,360,438,7,11
10021182,92,757,146,143,480,360,438,7,12
10029182,92,757,146,143,480,360,439,7,12
10037182,92,757,146,144,480,360,438,7,12
10045182,91,757,146,143,480,360,438,7,12
10053183,92,757,146,144,480,360,439,6,12
10061182,92,757,147,143,480,360,438,7,12
10069182,92,757,146,144,480,360,438,7,12
